name;competence;willingness;confidence
;;;
terri;1.0;0.7799999999999998

dylan;0.15;0.10000000000000003;0.04

