name;competence;willingness;confidence
<<<<<<< Updated upstream
jorti;[(0, 0), (0.15, 3994)];[(0, 0), (-0.05, 407), (-0.15000000000000002, 554), (-0.05, 1272), (-0.9000000000000002, 4778), (-1.0, 4833)];[(0, 0), (0.01, 3994)]
=======
idk;[(0, 0), (0.15, 555), (0.3, 1273), (0.19999999999999998, 3280), (0.3, 3282)];[(0, 0), (-0.1, 154), (-0.3, 357), (-0.2, 365), (-0.4499999999999999, 504), (-0.5999999999999999, 576), (-0.7499999999999999, 577), (-0.6499999999999999, 897), (-0.7, 900), (-1.0, 1160)];[(0, 0), (0.01, 555), (0.02, 577), (0.03, 1273), (0.04, 1278), (0.05, 2510), (0.060000000000000005, 3280), (0.05, 3282)]
>>>>>>> Stashed changes
