name;competence;willingness;confidence
jorti;[(0, 0), (0.15, 3994)];[(0, 0), (-0.05, 407), (-0.15000000000000002, 554), (-0.05, 1272), (-0.9000000000000002, 4778), (-1.0, 4833)];[(0, 0), (0.01, 3994)]
